,Article 1,Article 2,Corr.
642,List_of_December_2019_Hong_Kong_protests,Murder_of_Poon_Hiu-wing,0.9856458602935662
11,12_June_2019_Hong_Kong_protest,Death_of_Chow_Tsz-lok,0.9719873712096123
595,Hong_Kong–Mainland_China_conflict,List_of_protests_in_Hong_Kong,0.9299938266185058
726,Police_misconduct_allegations_during_the_2019–20_Hong_Kong_protests,Reactions_to_the_2019–20_Hong_Kong_protests,0.9266539646482076
331,Chinese_University_of_Hong_Kong_conflict,Siege_of_the_Hong_Kong_Polytechnic_University,0.9031418431475995
203,2019–20_Hong_Kong_protests,List_of_protests_in_Hong_Kong,0.9028008360778819
8,12_June_2019_Hong_Kong_protest,Chinese_University_of_Hong_Kong_conflict,0.8890827912425574
195,2019–20_Hong_Kong_protests,Hong_Kong–Mainland_China_conflict,0.8874719473481836
650,List_of_July_2019_Hong_Kong_protests,List_of_March–June_2019_Hong_Kong_protests,0.8830492337298972
294,Causes_of_the_2019–20_Hong_Kong_protests,List_of_November_2019_Hong_Kong_protests,0.8826097630790152
670,List_of_March–June_2019_Hong_Kong_protests,Reactions_to_the_2019–20_Hong_Kong_protests,0.86181600476392
669,List_of_March–June_2019_Hong_Kong_protests,Police_misconduct_allegations_during_the_2019–20_Hong_Kong_protests,0.860806828173277
41,2019_Hong_Kong_extradition_bill,2019–20_Hong_Kong_protests,0.8513942356209788
308,Chinese_University_of_Hong_Kong_conflict,Death_of_Chow_Tsz-lok,0.8483692597670103
303,Causes_of_the_2019–20_Hong_Kong_protests,Storming_of_the_Legislative_Council_Complex,0.8471353382164067
728,Police_misconduct_allegations_during_the_2019–20_Hong_Kong_protests,Storming_of_the_Legislative_Council_Complex,0.8439000306118684
683,List_of_November_2019_Hong_Kong_protests,Storming_of_the_Legislative_Council_Complex,0.8184031357465689
658,List_of_July_2019_Hong_Kong_protests,Reactions_to_the_2019–20_Hong_Kong_protests,0.8160020001364495
300,Causes_of_the_2019–20_Hong_Kong_protests,Police_misconduct_allegations_during_the_2019–20_Hong_Kong_protests,0.8123657828623567
34,12_June_2019_Hong_Kong_protest,Siege_of_the_Hong_Kong_Polytechnic_University,0.8115171950358446
10,12_June_2019_Hong_Kong_protest,Death_of_Chan_Yin-lam,0.8106275835359951
478,Government_of_Hong_Kong,List_of_protests_in_Hong_Kong,0.8087794866052722
657,List_of_July_2019_Hong_Kong_protests,Police_misconduct_allegations_during_the_2019–20_Hong_Kong_protests,0.8012009071264671
279,Causes_of_the_2019–20_Hong_Kong_protests,Death_of_Chow_Tsz-lok,0.7992695870813783
51,2019_Hong_Kong_extradition_bill,Government_of_Hong_Kong,0.7987367167844707
252,Carrie_Lam,Government_of_Hong_Kong,0.7963708438280364
65,2019_Hong_Kong_extradition_bill,List_of_protests_in_Hong_Kong,0.7961207529889214
470,Government_of_Hong_Kong,Hong_Kong–Mainland_China_conflict,0.7946050562192649
46,2019_Hong_Kong_extradition_bill,Civil_Human_Rights_Front,0.7933740515850178
57,2019_Hong_Kong_extradition_bill,Hong_Kong–Mainland_China_conflict,0.7896499958131926
26,12_June_2019_Hong_Kong_protest,List_of_November_2019_Hong_Kong_protests,0.7882984538124627
412,Death_of_Chow_Tsz-lok,Siege_of_the_Hong_Kong_Polytechnic_University,0.7876746868844017
141,2019_Prince_Edward_station_attack,Reactions_to_the_2019–20_Hong_Kong_protests,0.7848274893159537
184,2019–20_Hong_Kong_protests,Civil_Human_Rights_Front,0.7840062254349853
375,Death_of_Chan_Yin-lam,List_of_December_2019_Hong_Kong_protests,0.781450983301592
7,12_June_2019_Hong_Kong_protest,Causes_of_the_2019–20_Hong_Kong_protests,0.7812832748339841
339,Civil_Human_Rights_Front,Government_of_Hong_Kong,0.7735692828779694
404,Death_of_Chow_Tsz-lok,List_of_November_2019_Hong_Kong_protests,0.7712096104496493
189,2019–20_Hong_Kong_protests,Government_of_Hong_Kong,0.7706207951010091
345,Civil_Human_Rights_Front,Hong_Kong–Mainland_China_conflict,0.7696827967347394
43,2019_Hong_Kong_extradition_bill,Carrie_Lam,0.7687025287179605
353,Civil_Human_Rights_Front,List_of_protests_in_Hong_Kong,0.7642527754990381
363,Death_of_Chan_Yin-lam,Death_of_Chow_Tsz-lok,0.761975548696073
35,12_June_2019_Hong_Kong_protest,Storming_of_the_Legislative_Council_Complex,0.7603257840175294
323,Chinese_University_of_Hong_Kong_conflict,List_of_November_2019_Hong_Kong_protests,0.7593165646660484
598,Hong_Kong–Mainland_China_conflict,"One_country,_two_systems",0.7583438516206987
382,Death_of_Chan_Yin-lam,Murder_of_Poon_Hiu-wing,0.7575844090894238
732,Reactions_to_the_2019–20_Hong_Kong_protests,Storming_of_the_Legislative_Council_Complex,0.7531798422128946
672,List_of_March–June_2019_Hong_Kong_protests,Storming_of_the_Legislative_Council_Complex,0.7525771447531032
700,List_of_protests_in_Hong_Kong,Reactions_to_the_2019–20_Hong_Kong_protests,0.7519362538480028
275,Carrie_Lam,Umbrella_Movement,0.7514660225917121
680,List_of_November_2019_Hong_Kong_protests,Police_misconduct_allegations_during_the_2019–20_Hong_Kong_protests,0.7483671930036742
413,Death_of_Chow_Tsz-lok,Storming_of_the_Legislative_Council_Complex,0.7427033152452674
466,Government_of_Hong_Kong,Hong_Kong,0.7422458267038978
665,List_of_March–June_2019_Hong_Kong_protests,List_of_protests_in_Hong_Kong,0.7413815074662552
68,2019_Hong_Kong_extradition_bill,"One_country,_two_systems",0.7410851070531141
699,List_of_protests_in_Hong_Kong,Police_misconduct_allegations_during_the_2019–20_Hong_Kong_protests,0.740676272468995
53,2019_Hong_Kong_extradition_bill,Hong_Kong,0.7361769880935992
600,Hong_Kong–Mainland_China_conflict,Reactions_to_the_2019–20_Hong_Kong_protests,0.7357806183065888
206,2019–20_Hong_Kong_protests,"One_country,_two_systems",0.7351447990620145
487,Government_of_Hong_Kong,Umbrella_Movement,0.7347509907603929
143,2019_Prince_Edward_station_attack,Storming_of_the_Legislative_Council_Complex,0.7314829416722695
698,List_of_protests_in_Hong_Kong,"One_country,_two_systems",0.7314679418866462
74,2019_Hong_Kong_extradition_bill,Umbrella_Movement,0.7282308763589561
135,2019_Prince_Edward_station_attack,List_of_October_2019_Hong_Kong_protests,0.7239848287784706
653,List_of_July_2019_Hong_Kong_protests,List_of_protests_in_Hong_Kong,0.7236689778816563
170,2019_Yuen_Long_attack,List_of_protests_in_Hong_Kong,0.719905564769246
622,List_of_August_2019_Hong_Kong_protests,List_of_July_2019_Hong_Kong_protests,0.7191079626476676
140,2019_Prince_Edward_station_attack,Police_misconduct_allegations_during_the_2019–20_Hong_Kong_protests,0.7159779458473119
481,Government_of_Hong_Kong,"One_country,_two_systems",0.7153177992236163
691,List_of_October_2019_Hong_Kong_protests,Reactions_to_the_2019–20_Hong_Kong_protests,0.7151642086956589
591,Hong_Kong–Mainland_China_conflict,List_of_July_2019_Hong_Kong_protests,0.7145463199459843
276,Causes_of_the_2019–20_Hong_Kong_protests,Chinese_University_of_Hong_Kong_conflict,0.7133466070100667
592,Hong_Kong–Mainland_China_conflict,List_of_March–June_2019_Hong_Kong_protests,0.7122469953257803
146,2019_Yuen_Long_attack,2019–20_Hong_Kong_protests,0.7103149329086519
54,2019_Hong_Kong_extradition_bill,Hong_Kong_1_July_marches,0.7092105242560065
133,2019_Prince_Edward_station_attack,List_of_March–June_2019_Hong_Kong_protests,0.7089617120465086
254,Carrie_Lam,Hong_Kong,0.7064477750380096
332,Chinese_University_of_Hong_Kong_conflict,Storming_of_the_Legislative_Council_Complex,0.7058856564563816
623,List_of_August_2019_Hong_Kong_protests,List_of_March–June_2019_Hong_Kong_protests,0.703485793165285
307,Chinese_University_of_Hong_Kong_conflict,Death_of_Chan_Yin-lam,0.7025691290686407
513,Hong_Kong,Hong_Kong–Mainland_China_conflict,0.7013835241900918
302,Causes_of_the_2019–20_Hong_Kong_protests,Siege_of_the_Hong_Kong_Polytechnic_University,0.6995394321095428
162,2019_Yuen_Long_attack,Hong_Kong–Mainland_China_conflict,0.6952334435584158
524,Hong_Kong,"One_country,_two_systems",0.691720092786061
191,2019–20_Hong_Kong_protests,Hong_Kong,0.6909006538121065
156,2019_Yuen_Long_attack,Government_of_Hong_Kong,0.6900662363967539
572,Hong_Kong_Way,List_of_August_2019_Hong_Kong_protests,0.6891743673939754
356,Civil_Human_Rights_Front,"One_country,_two_systems",0.688026481196791
315,Chinese_University_of_Hong_Kong_conflict,Hong_Kong_Human_Rights_and_Democracy_Act,0.684262348644125
660,List_of_July_2019_Hong_Kong_protests,Storming_of_the_Legislative_Council_Complex,0.6832764585865808
362,Civil_Human_Rights_Front,Umbrella_Movement,0.6786159167567917
247,Carrie_Lam,Civil_Human_Rights_Front,0.6760267654748684
599,Hong_Kong–Mainland_China_conflict,Police_misconduct_allegations_during_the_2019–20_Hong_Kong_protests,0.6757353064343444
521,Hong_Kong,List_of_protests_in_Hong_Kong,0.6742845297640264
32,12_June_2019_Hong_Kong_protest,Police_misconduct_allegations_during_the_2019–20_Hong_Kong_protests,0.671804800443146
301,Causes_of_the_2019–20_Hong_Kong_protests,Reactions_to_the_2019–20_Hong_Kong_protests,0.6685358463345346
510,Hong_Kong,Hong_Kong_1_July_marches,0.6655616205996278
410,Death_of_Chow_Tsz-lok,Police_misconduct_allegations_during_the_2019–20_Hong_Kong_protests,0.6652796307570578
566,Hong_Kong_Human_Rights_and_Democracy_Act,Siege_of_the_Hong_Kong_Polytechnic_University,0.66349261174343
341,Civil_Human_Rights_Front,Hong_Kong,0.6578313440586832
682,List_of_November_2019_Hong_Kong_protests,Siege_of_the_Hong_Kong_Polytechnic_University,0.6570814236064844
255,Carrie_Lam,Hong_Kong_1_July_marches,0.6507293368101189
530,Hong_Kong,Umbrella_Movement,0.64978663477969
735,Siege_of_the_Hong_Kong_Polytechnic_University,Storming_of_the_Legislative_Council_Complex,0.6441273904860684
167,2019_Yuen_Long_attack,List_of_March–June_2019_Hong_Kong_protests,0.6429297189852
467,Government_of_Hong_Kong,Hong_Kong_1_July_marches,0.6406533093442208
166,2019_Yuen_Long_attack,List_of_July_2019_Hong_Kong_protests,0.6372460267037334
342,Civil_Human_Rights_Front,Hong_Kong_1_July_marches,0.636783514505891
550,Hong_Kong_1_July_marches,Umbrella_Movement,0.6362272256602279
128,2019_Prince_Edward_station_attack,Hong_Kong–Mainland_China_conflict,0.6333897201144899
132,2019_Prince_Edward_station_attack,List_of_July_2019_Hong_Kong_protests,0.6293184717403385
664,List_of_March–June_2019_Hong_Kong_protests,List_of_October_2019_Hong_Kong_protests,0.627759863998266
329,Chinese_University_of_Hong_Kong_conflict,Police_misconduct_allegations_during_the_2019–20_Hong_Kong_protests,0.6270772458488891
652,List_of_July_2019_Hong_Kong_protests,List_of_October_2019_Hong_Kong_protests,0.6259882481516283
690,List_of_October_2019_Hong_Kong_protests,Police_misconduct_allegations_during_the_2019–20_Hong_Kong_protests,0.6247973244632327
200,2019–20_Hong_Kong_protests,List_of_March–June_2019_Hong_Kong_protests,0.6245229587363911
199,2019–20_Hong_Kong_protests,List_of_July_2019_Hong_Kong_protests,0.622887898184466
40,2019_Hong_Kong_extradition_bill,2019_Yuen_Long_attack,0.622749529008725
269,Carrie_Lam,"One_country,_two_systems",0.6225685216743682
181,2019–20_Hong_Kong_protests,Carrie_Lam,0.6206126309551535
350,Civil_Human_Rights_Front,List_of_March–June_2019_Hong_Kong_protests,0.6168567754239266
567,Hong_Kong_Human_Rights_and_Democracy_Act,Storming_of_the_Legislative_Council_Complex,0.6164389980857516
293,Causes_of_the_2019–20_Hong_Kong_protests,List_of_March–June_2019_Hong_Kong_protests,0.6131365408864525
456,Glory_to_Hong_Kong,List_of_September_2019_Hong_Kong_protests,0.6130324634101412
208,2019–20_Hong_Kong_protests,Reactions_to_the_2019–20_Hong_Kong_protests,0.6124082378522978
725,"One_country,_two_systems",Umbrella_Movement,0.6073190899689528
583,Hong_Kong_Way,Reactions_to_the_2019–20_Hong_Kong_protests,0.6072823146226162
575,Hong_Kong_Way,List_of_March–June_2019_Hong_Kong_protests,0.605798124675472
574,Hong_Kong_Way,List_of_July_2019_Hong_Kong_protests,0.6044987450967594
207,2019–20_Hong_Kong_protests,Police_misconduct_allegations_during_the_2019–20_Hong_Kong_protests,0.6041004241112619
151,2019_Yuen_Long_attack,Civil_Human_Rights_Front,0.6029318663243944
266,Carrie_Lam,List_of_protests_in_Hong_Kong,0.6013271957716475
212,2019–20_Hong_Kong_protests,Umbrella_Movement,0.5984751987708831
387,Death_of_Chan_Yin-lam,Storming_of_the_Legislative_Council_Complex,0.5982804802843311
175,2019_Yuen_Long_attack,Reactions_to_the_2019–20_Hong_Kong_protests,0.5965310159607266
18,12_June_2019_Hong_Kong_protest,Hong_Kong_Human_Rights_and_Democracy_Act,0.5956774603167786
192,2019–20_Hong_Kong_protests,Hong_Kong_1_July_marches,0.5947508809614971
386,Death_of_Chan_Yin-lam,Siege_of_the_Hong_Kong_Polytechnic_University,0.593941846420221
704,List_of_protests_in_Hong_Kong,Umbrella_Movement,0.592912351991191
594,Hong_Kong–Mainland_China_conflict,List_of_October_2019_Hong_Kong_protests,0.5919887202750377
564,Hong_Kong_Human_Rights_and_Democracy_Act,Police_misconduct_allegations_during_the_2019–20_Hong_Kong_protests,0.5893061059577107
681,List_of_November_2019_Hong_Kong_protests,Reactions_to_the_2019–20_Hong_Kong_protests,0.5883197306125459
727,Police_misconduct_allegations_during_the_2019–20_Hong_Kong_protests,Siege_of_the_Hong_Kong_Polytechnic_University,0.5871833770469388
544,Hong_Kong_1_July_marches,"One_country,_two_systems",0.5812731567000972
475,Government_of_Hong_Kong,List_of_March–June_2019_Hong_Kong_protests,0.5811079747400101
347,Civil_Human_Rights_Front,List_of_August_2019_Hong_Kong_protests,0.5797229887344248
686,List_of_October_2019_Hong_Kong_protests,List_of_protests_in_Hong_Kong,0.5793474416213376
164,2019_Yuen_Long_attack,List_of_August_2019_Hong_Kong_protests,0.5784059180898838
258,Carrie_Lam,Hong_Kong–Mainland_China_conflict,0.577833534706137
349,Civil_Human_Rights_Front,List_of_July_2019_Hong_Kong_protests,0.5741548374918067
626,List_of_August_2019_Hong_Kong_protests,List_of_protests_in_Hong_Kong,0.5727561499388276
136,2019_Prince_Edward_station_attack,List_of_protests_in_Hong_Kong,0.5713718611055051
702,List_of_protests_in_Hong_Kong,Storming_of_the_Legislative_Council_Complex,0.5691465817197418
604,Hong_Kong–Mainland_China_conflict,Umbrella_Movement,0.5674183198648676
337,Civil_Human_Rights_Front,Demosistō,0.5650138766891009
417,Demosistō,Government_of_Hong_Kong,0.562469177329237
460,Glory_to_Hong_Kong,Reactions_to_the_2019–20_Hong_Kong_protests,0.5618280030854661
174,2019_Yuen_Long_attack,Police_misconduct_allegations_during_the_2019–20_Hong_Kong_protests,0.5608168038415425
440,Demosistō,Umbrella_Movement,0.5606685386708149
483,Government_of_Hong_Kong,Reactions_to_the_2019–20_Hong_Kong_protests,0.5591102036445625
196,2019–20_Hong_Kong_protests,Lennon_Wall_(Hong_Kong),0.5587374531714508
589,Hong_Kong–Mainland_China_conflict,List_of_August_2019_Hong_Kong_protests,0.5586522084105275
474,Government_of_Hong_Kong,List_of_July_2019_Hong_Kong_protests,0.5585099764182676
663,List_of_March–June_2019_Hong_Kong_protests,List_of_November_2019_Hong_Kong_protests,0.5580421673539703
541,Hong_Kong_1_July_marches,List_of_protests_in_Hong_Kong,0.5542865167597871
602,Hong_Kong–Mainland_China_conflict,Storming_of_the_Legislative_Council_Complex,0.5512073476633589
33,12_June_2019_Hong_Kong_protest,Reactions_to_the_2019–20_Hong_Kong_protests,0.550128857248847
197,2019–20_Hong_Kong_protests,List_of_August_2019_Hong_Kong_protests,0.5498404266451152
378,Death_of_Chan_Yin-lam,List_of_November_2019_Hong_Kong_protests,0.5480655431517918
411,Death_of_Chow_Tsz-lok,Reactions_to_the_2019–20_Hong_Kong_protests,0.5447891080911846
631,List_of_August_2019_Hong_Kong_protests,Reactions_to_the_2019–20_Hong_Kong_protests,0.5438513896026009
396,Death_of_Chow_Tsz-lok,Hong_Kong_Human_Rights_and_Democracy_Act,0.5420612025049544
482,Government_of_Hong_Kong,Police_misconduct_allegations_during_the_2019–20_Hong_Kong_protests,0.5414331595625183
565,Hong_Kong_Human_Rights_and_Democracy_Act,Reactions_to_the_2019–20_Hong_Kong_protests,0.538909265089906
533,Hong_Kong_1_July_marches,Hong_Kong–Mainland_China_conflict,0.5386929139329445
452,Glory_to_Hong_Kong,List_of_March–June_2019_Hong_Kong_protests,0.5380014847413691
292,Causes_of_the_2019–20_Hong_Kong_protests,List_of_July_2019_Hong_Kong_protests,0.5379493178463389
62,2019_Hong_Kong_extradition_bill,List_of_March–June_2019_Hong_Kong_protests,0.5341073402524786
611,Lennon_Wall_(Hong_Kong),List_of_protests_in_Hong_Kong,0.5284909337960552
173,2019_Yuen_Long_attack,"One_country,_two_systems",0.5257887305164336
557,Hong_Kong_Human_Rights_and_Democracy_Act,List_of_March–June_2019_Hong_Kong_protests,0.5257568002608191
666,List_of_March–June_2019_Hong_Kong_protests,List_of_September_2019_Hong_Kong_protests,0.5240675285230888
115,2019_Prince_Edward_station_attack,Causes_of_the_2019–20_Hong_Kong_protests,0.519661786825653
558,Hong_Kong_Human_Rights_and_Democracy_Act,List_of_November_2019_Hong_Kong_protests,0.5179845764191834
25,12_June_2019_Hong_Kong_protest,List_of_March–June_2019_Hong_Kong_protests,0.5127557627439567
358,Civil_Human_Rights_Front,Reactions_to_the_2019–20_Hong_Kong_protests,0.5095642440321116
250,Carrie_Lam,Demosistō,0.5091775197229823
459,Glory_to_Hong_Kong,Police_misconduct_allegations_during_the_2019–20_Hong_Kong_protests,0.5042114130775592
708,List_of_September_2019_Hong_Kong_protests,Reactions_to_the_2019–20_Hong_Kong_protests,0.501846751922771
693,List_of_October_2019_Hong_Kong_protests,Storming_of_the_Legislative_Council_Complex,0.5001641367560467
49,2019_Hong_Kong_extradition_bill,Demosistō,0.4997643693976622
286,Causes_of_the_2019–20_Hong_Kong_protests,Hong_Kong_Human_Rights_and_Democracy_Act,0.4982165497371566
403,Death_of_Chow_Tsz-lok,List_of_March–June_2019_Hong_Kong_protests,0.49810023985489504
651,List_of_July_2019_Hong_Kong_protests,List_of_November_2019_Hong_Kong_protests,0.49798769093395395
330,Chinese_University_of_Hong_Kong_conflict,Reactions_to_the_2019–20_Hong_Kong_protests,0.4957261715867216
431,Demosistō,List_of_protests_in_Hong_Kong,0.48980003482596185
370,Death_of_Chan_Yin-lam,Hong_Kong_Human_Rights_and_Democracy_Act,0.48793196405758893
579,Hong_Kong_Way,List_of_September_2019_Hong_Kong_protests,0.4874210262485776
61,2019_Hong_Kong_extradition_bill,List_of_July_2019_Hong_Kong_protests,0.4868212841441077
296,Causes_of_the_2019–20_Hong_Kong_protests,List_of_protests_in_Hong_Kong,0.48492956702474194
69,2019_Hong_Kong_extradition_bill,Police_misconduct_allegations_during_the_2019–20_Hong_Kong_protests,0.48392025868038313
384,Death_of_Chan_Yin-lam,Police_misconduct_allegations_during_the_2019–20_Hong_Kong_protests,0.48381838482293366
630,List_of_August_2019_Hong_Kong_protests,Police_misconduct_allegations_during_the_2019–20_Hong_Kong_protests,0.4809094405113535
357,Civil_Human_Rights_Front,Police_misconduct_allegations_during_the_2019–20_Hong_Kong_protests,0.4807375507992477
187,2019–20_Hong_Kong_protests,Demosistō,0.479716217331326
578,Hong_Kong_Way,List_of_protests_in_Hong_Kong,0.4787193771594619
123,2019_Prince_Edward_station_attack,HKmap.live,0.4783356407409038
654,List_of_July_2019_Hong_Kong_protests,List_of_September_2019_Hong_Kong_protests,0.4780307919022388
588,Hong_Kong–Mainland_China_conflict,Lennon_Wall_(Hong_Kong),0.47745870432587584
451,Glory_to_Hong_Kong,List_of_July_2019_Hong_Kong_protests,0.47659340525737126
134,2019_Prince_Edward_station_attack,List_of_November_2019_Hong_Kong_protests,0.4759685643077092
707,List_of_September_2019_Hong_Kong_protests,Police_misconduct_allegations_during_the_2019–20_Hong_Kong_protests,0.4743579835510906
58,2019_Hong_Kong_extradition_bill,Lennon_Wall_(Hong_Kong),0.47403364409852766
446,Glory_to_Hong_Kong,Hong_Kong_Way,0.4736524465960232
87,2019_Hong_Kong_local_elections,Government_of_Hong_Kong,0.47354277126750866
582,Hong_Kong_Way,Police_misconduct_allegations_during_the_2019–20_Hong_Kong_protests,0.47338838937595507
70,2019_Hong_Kong_extradition_bill,Reactions_to_the_2019–20_Hong_Kong_protests,0.47257754513188166
111,2019_Prince_Edward_station_attack,2019_Yuen_Long_attack,0.47194448295609953
177,2019_Yuen_Long_attack,Storming_of_the_Legislative_Council_Complex,0.47167217392010896
322,Chinese_University_of_Hong_Kong_conflict,List_of_March–June_2019_Hong_Kong_protests,0.47004618907456175
668,List_of_March–June_2019_Hong_Kong_protests,"One_country,_two_systems",0.4692751288436626
163,2019_Yuen_Long_attack,Lennon_Wall_(Hong_Kong),0.4681515329362908
485,Government_of_Hong_Kong,Storming_of_the_Legislative_Council_Complex,0.46571043177557897
570,Hong_Kong_Way,Hong_Kong–Mainland_China_conflict,0.4597451281742705
656,List_of_July_2019_Hong_Kong_protests,"One_country,_two_systems",0.4586695236266804
288,Causes_of_the_2019–20_Hong_Kong_protests,Hong_Kong–Mainland_China_conflict,0.45567198116049007
112,2019_Prince_Edward_station_attack,2019–20_Hong_Kong_protests,0.45367468862887034
507,HKmap.live,Storming_of_the_Legislative_Council_Complex,0.4535895968435522
472,Government_of_Hong_Kong,List_of_August_2019_Hong_Kong_protests,0.4529838125896214
210,2019–20_Hong_Kong_protests,Storming_of_the_Legislative_Council_Complex,0.4505594389951265
76,2019_Hong_Kong_local_elections,2019_Yuen_Long_attack,0.45034702481548666
423,Demosistō,Hong_Kong–Mainland_China_conflict,0.4475870256185017
676,List_of_November_2019_Hong_Kong_protests,List_of_protests_in_Hong_Kong,0.44682071895005626
126,2019_Prince_Edward_station_attack,Hong_Kong_Human_Rights_and_Democracy_Act,0.4452217092812454
731,Reactions_to_the_2019–20_Hong_Kong_protests,Siege_of_the_Hong_Kong_Polytechnic_University,0.44482947250436683
721,"One_country,_two_systems",Reactions_to_the_2019–20_Hong_Kong_protests,0.4444566748016522
278,Causes_of_the_2019–20_Hong_Kong_protests,Death_of_Chan_Yin-lam,0.4435534542435023
560,Hong_Kong_Human_Rights_and_Democracy_Act,List_of_protests_in_Hong_Kong,0.44209145231258173
434,Demosistō,"One_country,_two_systems",0.4415311109196525
425,Demosistō,List_of_August_2019_Hong_Kong_protests,0.44133496307271375
161,2019_Yuen_Long_attack,Hong_Kong_Way,0.44002859494491875
346,Civil_Human_Rights_Front,Lennon_Wall_(Hong_Kong),0.4373949093398587
122,2019_Prince_Edward_station_attack,Government_of_Hong_Kong,0.4367794744541752
556,Hong_Kong_Human_Rights_and_Democracy_Act,List_of_July_2019_Hong_Kong_protests,0.43499585224433107
696,List_of_protests_in_Hong_Kong,List_of_September_2019_Hong_Kong_protests,0.43344692046916117
59,2019_Hong_Kong_extradition_bill,List_of_August_2019_Hong_Kong_protests,0.4318919901398466
419,Demosistō,Hong_Kong,0.43060024749842657
671,List_of_March–June_2019_Hong_Kong_protests,Siege_of_the_Hong_Kong_Polytechnic_University,0.4305843924363311
202,2019–20_Hong_Kong_protests,List_of_October_2019_Hong_Kong_protests,0.42721686327441144
552,Hong_Kong_Human_Rights_and_Democracy_Act,Hong_Kong–Mainland_China_conflict,0.42715226014604285
182,2019–20_Hong_Kong_protests,Causes_of_the_2019–20_Hong_Kong_protests,0.421711021037786
455,Glory_to_Hong_Kong,List_of_protests_in_Hong_Kong,0.4214741973080558
720,"One_country,_two_systems",Police_misconduct_allegations_during_the_2019–20_Hong_Kong_protests,0.42104806262302585
158,2019_Yuen_Long_attack,Hong_Kong,0.4197629746504837
504,HKmap.live,Police_misconduct_allegations_during_the_2019–20_Hong_Kong_protests,0.41766864092773137
194,2019–20_Hong_Kong_protests,Hong_Kong_Way,0.4167240128849016
377,Death_of_Chan_Yin-lam,List_of_March–June_2019_Hong_Kong_protests,0.41616457292618575
577,Hong_Kong_Way,List_of_October_2019_Hong_Kong_protests,0.41608633018511954
30,12_June_2019_Hong_Kong_protest,Murder_of_Poon_Hiu-wing,0.4160609840220656
629,List_of_August_2019_Hong_Kong_protests,"One_country,_two_systems",0.4158516875425284
154,2019_Yuen_Long_attack,Demosistō,0.4155111478130071
23,12_June_2019_Hong_Kong_protest,List_of_December_2019_Hong_Kong_protests,0.41485229050335726
2,12_June_2019_Hong_Kong_protest,2019_Prince_Edward_station_attack,0.41271679592677674
28,12_June_2019_Hong_Kong_protest,List_of_protests_in_Hong_Kong,0.4123334891693753
385,Death_of_Chan_Yin-lam,Reactions_to_the_2019–20_Hong_Kong_protests,0.4118243607970288
505,HKmap.live,Reactions_to_the_2019–20_Hong_Kong_protests,0.4112875087039357
24,12_June_2019_Hong_Kong_protest,List_of_July_2019_Hong_Kong_protests,0.40731364531026965
627,List_of_August_2019_Hong_Kong_protests,List_of_September_2019_Hong_Kong_protests,0.4072988763441522
169,2019_Yuen_Long_attack,List_of_October_2019_Hong_Kong_protests,0.40687598163543137
360,Civil_Human_Rights_Front,Storming_of_the_Legislative_Council_Complex,0.40622982615442454
148,2019_Yuen_Long_attack,Carrie_Lam,0.4034411554048135
420,Demosistō,Hong_Kong_1_July_marches,0.39768865407265774
454,Glory_to_Hong_Kong,List_of_October_2019_Hong_Kong_protests,0.3960764258280534
406,Death_of_Chow_Tsz-lok,List_of_protests_in_Hong_Kong,0.3956081500873238
119,2019_Prince_Edward_station_attack,Death_of_Chow_Tsz-lok,0.39517173275313694
402,Death_of_Chow_Tsz-lok,List_of_July_2019_Hong_Kong_protests,0.3905622694576431
116,2019_Prince_Edward_station_attack,Chinese_University_of_Hong_Kong_conflict,0.3898047114199141
614,Lennon_Wall_(Hong_Kong),"One_country,_two_systems",0.3895228630737531
401,Death_of_Chow_Tsz-lok,List_of_December_2019_Hong_Kong_protests,0.38644229975116884
321,Chinese_University_of_Hong_Kong_conflict,List_of_July_2019_Hong_Kong_protests,0.3857777188410736
428,Demosistō,List_of_March–June_2019_Hong_Kong_protests,0.38568877964755677
477,Government_of_Hong_Kong,List_of_October_2019_Hong_Kong_protests,0.384529403146692
502,HKmap.live,Murder_of_Poon_Hiu-wing,0.3837969795539398
408,Death_of_Chow_Tsz-lok,Murder_of_Poon_Hiu-wing,0.38353982839024076
117,2019_Prince_Edward_station_attack,Civil_Human_Rights_Front,0.3798627806555878
471,Government_of_Hong_Kong,Lennon_Wall_(Hong_Kong),0.3783552961744553
497,HKmap.live,List_of_March–June_2019_Hong_Kong_protests,0.3774588712884717
344,Civil_Human_Rights_Front,Hong_Kong_Way,0.37666893340073804
179,2019_Yuen_Long_attack,Umbrella_Movement,0.37573183615047157
427,Demosistō,List_of_July_2019_Hong_Kong_protests,0.3750723077951512
121,2019_Prince_Edward_station_attack,Glory_to_Hong_Kong,0.37469903984232306
14,12_June_2019_Hong_Kong_protest,Government_of_Hong_Kong,0.3728391718985659
159,2019_Yuen_Long_attack,Hong_Kong_1_July_marches,0.371249353366086
1,12_June_2019_Hong_Kong_protest,2019_Hong_Kong_local_elections,0.3711730637618055
83,2019_Hong_Kong_local_elections,Death_of_Chan_Yin-lam,0.36957208608222664
343,Civil_Human_Rights_Front,Hong_Kong_Human_Rights_and_Democracy_Act,0.3695417844746379
325,Chinese_University_of_Hong_Kong_conflict,List_of_protests_in_Hong_Kong,0.36807705566643395
445,Glory_to_Hong_Kong,Hong_Kong_Human_Rights_and_Democracy_Act,0.36630583262589256
593,Hong_Kong–Mainland_China_conflict,List_of_November_2019_Hong_Kong_protests,0.3660196454593197
462,Glory_to_Hong_Kong,Storming_of_the_Legislative_Council_Complex,0.3647938869870161
127,2019_Prince_Edward_station_attack,Hong_Kong_Way,0.3642251973259907
81,2019_Hong_Kong_local_elections,Chinese_University_of_Hong_Kong_conflict,0.3636802538097141
469,Government_of_Hong_Kong,Hong_Kong_Way,0.36008758605765456
447,Glory_to_Hong_Kong,Hong_Kong–Mainland_China_conflict,0.35885132761698035
607,Lennon_Wall_(Hong_Kong),List_of_July_2019_Hong_Kong_protests,0.3586275328291575
282,Causes_of_the_2019–20_Hong_Kong_protests,Government_of_Hong_Kong,0.35822253994722836
608,Lennon_Wall_(Hong_Kong),List_of_March–June_2019_Hong_Kong_protests,0.3562218695042138
468,Government_of_Hong_Kong,Hong_Kong_Human_Rights_and_Democracy_Act,0.3560901102381579
476,Government_of_Hong_Kong,List_of_November_2019_Hong_Kong_protests,0.35584355159210174
674,List_of_March–June_2019_Hong_Kong_protests,Umbrella_Movement,0.35563883377974354
201,2019–20_Hong_Kong_protests,List_of_November_2019_Hong_Kong_protests,0.3554555203434083
72,2019_Hong_Kong_extradition_bill,Storming_of_the_Legislative_Council_Complex,0.354205564373522
283,Causes_of_the_2019–20_Hong_Kong_protests,HKmap.live,0.3537400408893477
3,12_June_2019_Hong_Kong_protest,2019_Yuen_Long_attack,0.35330246687215977
160,2019_Yuen_Long_attack,Hong_Kong_Human_Rights_and_Democracy_Act,0.3523164579218834
311,Chinese_University_of_Hong_Kong_conflict,Government_of_Hong_Kong,0.35093538034681754
352,Civil_Human_Rights_Front,List_of_October_2019_Hong_Kong_protests,0.35083434658631535
263,Carrie_Lam,List_of_March–June_2019_Hong_Kong_protests,0.3507781579197351
204,2019–20_Hong_Kong_protests,List_of_September_2019_Hong_Kong_protests,0.35068168191462856
44,2019_Hong_Kong_extradition_bill,Causes_of_the_2019–20_Hong_Kong_protests,0.3501787361798833
435,Demosistō,Police_misconduct_allegations_during_the_2019–20_Hong_Kong_protests,0.3492451193242248
701,List_of_protests_in_Hong_Kong,Siege_of_the_Hong_Kong_Polytechnic_University,0.3489345210311716
193,2019–20_Hong_Kong_protests,Hong_Kong_Human_Rights_and_Democracy_Act,0.3466615670262757
150,2019_Yuen_Long_attack,Chinese_University_of_Hong_Kong_conflict,0.34402382506567525
168,2019_Yuen_Long_attack,List_of_November_2019_Hong_Kong_protests,0.34274828424429554
142,2019_Prince_Edward_station_attack,Siege_of_the_Hong_Kong_Polytechnic_University,0.3427383008476743
149,2019_Yuen_Long_attack,Causes_of_the_2019–20_Hong_Kong_protests,0.34204241151596537
139,2019_Prince_Edward_station_attack,"One_country,_two_systems",0.34134726769360907
436,Demosistō,Reactions_to_the_2019–20_Hong_Kong_protests,0.34118073715688296
392,Death_of_Chow_Tsz-lok,Government_of_Hong_Kong,0.3404483886974619
171,2019_Yuen_Long_attack,List_of_September_2019_Hong_Kong_protests,0.3398295176855668
662,List_of_July_2019_Hong_Kong_protests,Umbrella_Movement,0.3380306586764039
534,Hong_Kong_1_July_marches,Lennon_Wall_(Hong_Kong),0.3371249464623836
118,2019_Prince_Edward_station_attack,Death_of_Chan_Yin-lam,0.33662236923147876
15,12_June_2019_Hong_Kong_protest,HKmap.live,0.33627406782271657
616,Lennon_Wall_(Hong_Kong),Reactions_to_the_2019–20_Hong_Kong_protests,0.3350266547903181
39,2019_Hong_Kong_extradition_bill,2019_Prince_Edward_station_attack,0.33192635637638995
496,HKmap.live,List_of_July_2019_Hong_Kong_protests,0.33188379512453914
107,2019_Hong_Kong_local_elections,Siege_of_the_Hong_Kong_Polytechnic_University,0.33177814970867925
20,12_June_2019_Hong_Kong_protest,Hong_Kong–Mainland_China_conflict,0.3312873936174597
596,Hong_Kong–Mainland_China_conflict,List_of_September_2019_Hong_Kong_protests,0.33114541796423175
734,Reactions_to_the_2019–20_Hong_Kong_protests,Umbrella_Movement,0.3306479891313034
515,Hong_Kong,List_of_August_2019_Hong_Kong_protests,0.32939736220574456
220,Art_of_the_2019–20_Hong_Kong_protests,Glory_to_Hong_Kong,0.3292416362796277
730,Police_misconduct_allegations_during_the_2019–20_Hong_Kong_protests,Umbrella_Movement,0.32896528025651434
66,2019_Hong_Kong_extradition_bill,List_of_September_2019_Hong_Kong_protests,0.3267097813732779
689,List_of_October_2019_Hong_Kong_protests,"One_country,_two_systems",0.32668358944470477
498,HKmap.live,List_of_November_2019_Hong_Kong_protests,0.3265090935766816
500,HKmap.live,List_of_protests_in_Hong_Kong,0.3247876031347074
484,Government_of_Hong_Kong,Siege_of_the_Hong_Kong_Polytechnic_University,0.3242857298612408
56,2019_Hong_Kong_extradition_bill,Hong_Kong_Way,0.3237574461996302
635,List_of_August_2019_Hong_Kong_protests,Umbrella_Movement,0.3221739508122298
659,List_of_July_2019_Hong_Kong_protests,Siege_of_the_Hong_Kong_Polytechnic_University,0.32207844827621096
398,Death_of_Chow_Tsz-lok,Hong_Kong–Mainland_China_conflict,0.32179671551992445
376,Death_of_Chan_Yin-lam,List_of_July_2019_Hong_Kong_protests,0.32085418195057375
615,Lennon_Wall_(Hong_Kong),Police_misconduct_allegations_during_the_2019–20_Hong_Kong_protests,0.3204090009819984
393,Death_of_Chow_Tsz-lok,HKmap.live,0.3195823774836481
380,Death_of_Chan_Yin-lam,List_of_protests_in_Hong_Kong,0.3195176772732523
262,Carrie_Lam,List_of_July_2019_Hong_Kong_protests,0.31924663646209994
4,12_June_2019_Hong_Kong_protest,2019–20_Hong_Kong_protests,0.3172076109265406
153,2019_Yuen_Long_attack,Death_of_Chow_Tsz-lok,0.3168650860957962
186,2019–20_Hong_Kong_protests,Death_of_Chow_Tsz-lok,0.31613262099688955
55,2019_Hong_Kong_extradition_bill,Hong_Kong_Human_Rights_and_Democracy_Act,0.3145644577114337
188,2019–20_Hong_Kong_protests,Glory_to_Hong_Kong,0.31376328473622744
176,2019_Yuen_Long_attack,Siege_of_the_Hong_Kong_Polytechnic_University,0.31376326399328575
723,"One_country,_two_systems",Storming_of_the_Legislative_Council_Complex,0.3126075397058627
317,Chinese_University_of_Hong_Kong_conflict,Hong_Kong–Mainland_China_conflict,0.3120627094237913
366,Death_of_Chan_Yin-lam,Government_of_Hong_Kong,0.312054493538208
155,2019_Yuen_Long_attack,Glory_to_Hong_Kong,0.3112122895180669
514,Hong_Kong,Lennon_Wall_(Hong_Kong),0.3106217979035422
270,Carrie_Lam,Police_misconduct_allegations_during_the_2019–20_Hong_Kong_protests,0.309956693140601
492,HKmap.live,Hong_Kong–Mainland_China_conflict,0.3098661700055765
612,Lennon_Wall_(Hong_Kong),List_of_September_2019_Hong_Kong_protests,0.3098469858999098
277,Causes_of_the_2019–20_Hong_Kong_protests,Civil_Human_Rights_Front,0.3081347987334659
354,Civil_Human_Rights_Front,List_of_September_2019_Hong_Kong_protests,0.3079804773968313
517,Hong_Kong,List_of_July_2019_Hong_Kong_protests,0.3072149006049998
152,2019_Yuen_Long_attack,Death_of_Chan_Yin-lam,0.3061851355814503
581,Hong_Kong_Way,"One_country,_two_systems",0.30560446959546056
518,Hong_Kong,List_of_March–June_2019_Hong_Kong_protests,0.30552590555063014
271,Carrie_Lam,Reactions_to_the_2019–20_Hong_Kong_protests,0.3045762099346284
479,Government_of_Hong_Kong,List_of_September_2019_Hong_Kong_protests,0.30440788219819254
620,Lennon_Wall_(Hong_Kong),Umbrella_Movement,0.3002211563775156
538,Hong_Kong_1_July_marches,List_of_March–June_2019_Hong_Kong_protests,0.29896581350197826
64,2019_Hong_Kong_extradition_bill,List_of_October_2019_Hong_Kong_protests,0.2982127153990935
605,Lennon_Wall_(Hong_Kong),List_of_August_2019_Hong_Kong_protests,0.29753507583138694
495,HKmap.live,List_of_December_2019_Hong_Kong_protests,0.2966002499182792
499,HKmap.live,List_of_October_2019_Hong_Kong_protests,0.2963743456254719
84,2019_Hong_Kong_local_elections,Death_of_Chow_Tsz-lok,0.29630680033150086
183,2019–20_Hong_Kong_protests,Chinese_University_of_Hong_Kong_conflict,0.2936209138949458
259,Carrie_Lam,Lennon_Wall_(Hong_Kong),0.29360831004568155
610,Lennon_Wall_(Hong_Kong),List_of_October_2019_Hong_Kong_protests,0.2933563462432163
130,2019_Prince_Edward_station_attack,List_of_August_2019_Hong_Kong_protests,0.29277486218766785
432,Demosistō,List_of_September_2019_Hong_Kong_protests,0.2917963781670549
449,Glory_to_Hong_Kong,List_of_August_2019_Hong_Kong_protests,0.28956857885630705
601,Hong_Kong–Mainland_China_conflict,Siege_of_the_Hong_Kong_Polytechnic_University,0.2890619399908346
108,2019_Hong_Kong_local_elections,Storming_of_the_Legislative_Council_Complex,0.28734702351973535
422,Demosistō,Hong_Kong_Way,0.28611001208640197
563,Hong_Kong_Human_Rights_and_Democracy_Act,"One_country,_two_systems",0.2840210676609858
63,2019_Hong_Kong_extradition_bill,List_of_November_2019_Hong_Kong_protests,0.2836822529121533
448,Glory_to_Hong_Kong,Lennon_Wall_(Hong_Kong),0.2831483486269424
585,Hong_Kong_Way,Storming_of_the_Legislative_Council_Complex,0.28090285254805697
295,Causes_of_the_2019–20_Hong_Kong_protests,List_of_October_2019_Hong_Kong_protests,0.28089773355401293
99,2019_Hong_Kong_local_elections,List_of_November_2019_Hong_Kong_protests,0.28019426098882905
490,HKmap.live,Hong_Kong_Human_Rights_and_Democracy_Act,0.2797599344957406
441,Glory_to_Hong_Kong,Government_of_Hong_Kong,0.2792937764094152
537,Hong_Kong_1_July_marches,List_of_July_2019_Hong_Kong_protests,0.2792558837495848
625,List_of_August_2019_Hong_Kong_protests,List_of_October_2019_Hong_Kong_protests,0.2785812805984362
338,Civil_Human_Rights_Front,Glory_to_Hong_Kong,0.27803288392313485
260,Carrie_Lam,List_of_August_2019_Hong_Kong_protests,0.27780273007760287
559,Hong_Kong_Human_Rights_and_Democracy_Act,List_of_October_2019_Hong_Kong_protests,0.2760309127334406
633,List_of_August_2019_Hong_Kong_protests,Storming_of_the_Legislative_Council_Complex,0.2756359276277699
535,Hong_Kong_1_July_marches,List_of_August_2019_Hong_Kong_protests,0.2742654747878226
209,2019–20_Hong_Kong_protests,Siege_of_the_Hong_Kong_Polytechnic_University,0.2709248609610494
299,Causes_of_the_2019–20_Hong_Kong_protests,"One_country,_two_systems",0.27032242128092265
367,Death_of_Chan_Yin-lam,HKmap.live,0.2675879295116202
281,Causes_of_the_2019–20_Hong_Kong_protests,Glory_to_Hong_Kong,0.26747851911497045
526,Hong_Kong,Reactions_to_the_2019–20_Hong_Kong_protests,0.26591432230908685
9,12_June_2019_Hong_Kong_protest,Civil_Human_Rights_Front,0.26539266165336317
561,Hong_Kong_Human_Rights_and_Democracy_Act,List_of_September_2019_Hong_Kong_protests,0.2650536252262292
687,List_of_October_2019_Hong_Kong_protests,List_of_September_2019_Hong_Kong_protests,0.2626918544484741
0,12_June_2019_Hong_Kong_protest,2019_Hong_Kong_extradition_bill,0.26073494294886085
48,2019_Hong_Kong_extradition_bill,Death_of_Chow_Tsz-lok,0.26021468874102666
336,Civil_Human_Rights_Front,Death_of_Chow_Tsz-lok,0.25986321796474654
647,List_of_December_2019_Hong_Kong_protests,Storming_of_the_Legislative_Council_Complex,0.25917840945414966
571,Hong_Kong_Way,Lennon_Wall_(Hong_Kong),0.25869601948308146
706,List_of_September_2019_Hong_Kong_protests,"One_country,_two_systems",0.2580398779074987
453,Glory_to_Hong_Kong,List_of_November_2019_Hong_Kong_protests,0.25800304662553203
717,Murder_of_Poon_Hiu-wing,Storming_of_the_Legislative_Council_Complex,0.2576828932923267
312,Chinese_University_of_Hong_Kong_conflict,HKmap.live,0.2576503334896262
13,12_June_2019_Hong_Kong_protest,Glory_to_Hong_Kong,0.2563070273483189
424,Demosistō,Lennon_Wall_(Hong_Kong),0.2511129526531145
525,Hong_Kong,Police_misconduct_allegations_during_the_2019–20_Hong_Kong_protests,0.2509195224984181
351,Civil_Human_Rights_Front,List_of_November_2019_Hong_Kong_protests,0.24980240445515592
335,Civil_Human_Rights_Front,Death_of_Chan_Yin-lam,0.2482258548396088
45,2019_Hong_Kong_extradition_bill,Chinese_University_of_Hong_Kong_conflict,0.24443809370729486
267,Carrie_Lam,List_of_September_2019_Hong_Kong_protests,0.24333390982496597
554,Hong_Kong_Human_Rights_and_Democracy_Act,List_of_August_2019_Hong_Kong_protests,0.24091830368380288
310,Chinese_University_of_Hong_Kong_conflict,Glory_to_Hong_Kong,0.23976420005880195
545,Hong_Kong_1_July_marches,Police_misconduct_allegations_during_the_2019–20_Hong_Kong_protests,0.23952434772656223
372,Death_of_Chan_Yin-lam,Hong_Kong–Mainland_China_conflict,0.23940072256736433
391,Death_of_Chow_Tsz-lok,Glory_to_Hong_Kong,0.2370980963199437
546,Hong_Kong_1_July_marches,Reactions_to_the_2019–20_Hong_Kong_protests,0.23516271524482463
71,2019_Hong_Kong_extradition_bill,Siege_of_the_Hong_Kong_Polytechnic_University,0.2345431239662034
506,HKmap.live,Siege_of_the_Hong_Kong_Polytechnic_University,0.23447682168087852
712,List_of_September_2019_Hong_Kong_protests,Umbrella_Movement,0.23425276846988857
190,2019–20_Hong_Kong_protests,HKmap.live,0.23251625860028782
587,Hong_Kong_Way,Umbrella_Movement,0.23084502561988102
551,Hong_Kong_Human_Rights_and_Democracy_Act,Hong_Kong_Way,0.23001307237234173
290,Causes_of_the_2019–20_Hong_Kong_protests,List_of_August_2019_Hong_Kong_protests,0.22911371118909818
695,List_of_October_2019_Hong_Kong_protests,Umbrella_Movement,0.22699279761051622
145,2019_Prince_Edward_station_attack,Umbrella_Movement,0.2260078929505049
185,2019–20_Hong_Kong_protests,Death_of_Chan_Yin-lam,0.22440308611101897
458,Glory_to_Hong_Kong,"One_country,_two_systems",0.22203473425881254
739,Storming_of_the_Legislative_Council_Complex,Umbrella_Movement,0.22063756949586735
569,Hong_Kong_Human_Rights_and_Democracy_Act,Umbrella_Movement,0.22062896688054104
421,Demosistō,Hong_Kong_Human_Rights_and_Democracy_Act,0.2199593580021172
320,Chinese_University_of_Hong_Kong_conflict,List_of_December_2019_Hong_Kong_protests,0.21991208771514406
461,Glory_to_Hong_Kong,Siege_of_the_Hong_Kong_Polytechnic_University,0.2197907199320083
327,Chinese_University_of_Hong_Kong_conflict,Murder_of_Poon_Hiu-wing,0.2193305205683285
157,2019_Yuen_Long_attack,HKmap.live,0.21912866641530646
661,List_of_July_2019_Hong_Kong_protests,Tactics_and_methods_surrounding_the_2019–20_Hong_Kong_protests,0.21884838967026665
365,Death_of_Chan_Yin-lam,Glory_to_Hong_Kong,0.21867302933059518
465,Government_of_Hong_Kong,HKmap.live,0.2184469244985739
306,Chinese_University_of_Hong_Kong_conflict,Civil_Human_Rights_Front,0.21696660245690022
257,Carrie_Lam,Hong_Kong_Way,0.21678155446503655
144,2019_Prince_Edward_station_attack,Tactics_and_methods_surrounding_the_2019–20_Hong_Kong_protests,0.21625846455802344
273,Carrie_Lam,Storming_of_the_Legislative_Council_Complex,0.21597712471376826
738,Storming_of_the_Legislative_Council_Complex,Tactics_and_methods_surrounding_the_2019–20_Hong_Kong_protests,0.2158423840351727
85,2019_Hong_Kong_local_elections,Demosistō,0.21566041659240914
679,List_of_November_2019_Hong_Kong_protests,"One_country,_two_systems",0.21525978183793829
50,2019_Hong_Kong_extradition_bill,Glory_to_Hong_Kong,0.21390424842246242
438,Demosistō,Storming_of_the_Legislative_Council_Complex,0.2137641929727276
31,12_June_2019_Hong_Kong_protest,"One_country,_two_systems",0.21312720678187508
129,2019_Prince_Edward_station_attack,Lennon_Wall_(Hong_Kong),0.21184371280116832
416,Demosistō,Glory_to_Hong_Kong,0.20731747539379128
256,Carrie_Lam,Hong_Kong_Human_Rights_and_Democracy_Act,0.2069826575924714
409,Death_of_Chow_Tsz-lok,"One_country,_two_systems",0.20684759014558596
520,Hong_Kong,List_of_October_2019_Hong_Kong_protests,0.20283014860071233
114,2019_Prince_Edward_station_attack,Carrie_Lam,0.20177413900174954
328,Chinese_University_of_Hong_Kong_conflict,"One_country,_two_systems",0.20062094799209454
340,Civil_Human_Rights_Front,HKmap.live,0.20053776821165858
637,List_of_December_2019_Hong_Kong_protests,List_of_March–June_2019_Hong_Kong_protests,0.20036013037522016
667,List_of_March–June_2019_Hong_Kong_protests,Murder_of_Poon_Hiu-wing,0.20014691648428304
98,2019_Hong_Kong_local_elections,List_of_March–June_2019_Hong_Kong_protests,0.19978629556225663
265,Carrie_Lam,List_of_October_2019_Hong_Kong_protests,0.19951435540115406
245,Carrie_Lam,Causes_of_the_2019–20_Hong_Kong_protests,0.1957469753278543
359,Civil_Human_Rights_Front,Siege_of_the_Hong_Kong_Polytechnic_University,0.1949397588277877
624,List_of_August_2019_Hong_Kong_protests,List_of_November_2019_Hong_Kong_protests,0.19480771515790765
305,Causes_of_the_2019–20_Hong_Kong_protests,Umbrella_Movement,0.19479645916435787
464,Glory_to_Hong_Kong,Umbrella_Movement,0.19251300735528795
512,Hong_Kong,Hong_Kong_Way,0.19232678229555844
722,"One_country,_two_systems",Siege_of_the_Hong_Kong_Polytechnic_University,0.19191315297982223
442,Glory_to_Hong_Kong,HKmap.live,0.19151935358064887
716,Murder_of_Poon_Hiu-wing,Siege_of_the_Hong_Kong_Polytechnic_University,0.19139915787985795
694,List_of_October_2019_Hong_Kong_protests,Tactics_and_methods_surrounding_the_2019–20_Hong_Kong_protests,0.191355602251391
101,2019_Hong_Kong_local_elections,List_of_protests_in_Hong_Kong,0.19012465358718372
309,Chinese_University_of_Hong_Kong_conflict,Demosistō,0.18894962799176623
646,List_of_December_2019_Hong_Kong_protests,Siege_of_the_Hong_Kong_Polytechnic_University,0.188287294318586
120,2019_Prince_Edward_station_attack,Demosistō,0.18776881977014764
729,Police_misconduct_allegations_during_the_2019–20_Hong_Kong_protests,Tactics_and_methods_surrounding_the_2019–20_Hong_Kong_protests,0.18770064919020793
12,12_June_2019_Hong_Kong_protest,Demosistō,0.18721961679657254
236,Art_of_the_2019–20_Hong_Kong_protests,List_of_September_2019_Hong_Kong_protests,0.18699513288482789
714,Murder_of_Poon_Hiu-wing,Police_misconduct_allegations_during_the_2019–20_Hong_Kong_protests,0.18682805452180007
280,Causes_of_the_2019–20_Hong_Kong_protests,Demosistō,0.1846152467649469
124,2019_Prince_Edward_station_attack,Hong_Kong,0.1839406032588774
618,Lennon_Wall_(Hong_Kong),Storming_of_the_Legislative_Council_Complex,0.18390198773014566
532,Hong_Kong_1_July_marches,Hong_Kong_Way,0.18343632138935062
644,List_of_December_2019_Hong_Kong_protests,Police_misconduct_allegations_during_the_2019–20_Hong_Kong_protests,0.1822471774480945
105,2019_Hong_Kong_local_elections,Police_misconduct_allegations_during_the_2019–20_Hong_Kong_protests,0.18186613545692498
437,Demosistō,Siege_of_the_Hong_Kong_Polytechnic_University,0.18113749056540565
91,2019_Hong_Kong_local_elections,Hong_Kong_Human_Rights_and_Democracy_Act,0.17998901953837007
675,List_of_November_2019_Hong_Kong_protests,List_of_October_2019_Hong_Kong_protests,0.1783820344335156
52,2019_Hong_Kong_extradition_bill,HKmap.live,0.17787423464757038
429,Demosistō,List_of_November_2019_Hong_Kong_protests,0.1769192170971761
97,2019_Hong_Kong_local_elections,List_of_July_2019_Hong_Kong_protests,0.17640445641811536
673,List_of_March–June_2019_Hong_Kong_protests,Tactics_and_methods_surrounding_the_2019–20_Hong_Kong_protests,0.17583571310015028
390,Death_of_Chow_Tsz-lok,Demosistō,0.17348106942392938
540,Hong_Kong_1_July_marches,List_of_October_2019_Hong_Kong_protests,0.17238369411061694
715,Murder_of_Poon_Hiu-wing,Reactions_to_the_2019–20_Hong_Kong_protests,0.17180445566452648
264,Carrie_Lam,List_of_November_2019_Hong_Kong_protests,0.1717552310748879
287,Causes_of_the_2019–20_Hong_Kong_protests,Hong_Kong_Way,0.17172331116931933
503,HKmap.live,"One_country,_two_systems",0.17088593230430255
645,List_of_December_2019_Hong_Kong_protests,Reactions_to_the_2019–20_Hong_Kong_protests,0.17043589480364266
106,2019_Hong_Kong_local_elections,Reactions_to_the_2019–20_Hong_Kong_protests,0.1685010091607467
79,2019_Hong_Kong_local_elections,Carrie_Lam,0.1683938446356511
47,2019_Hong_Kong_extradition_bill,Death_of_Chan_Yin-lam,0.16780710028104429
548,Hong_Kong_1_July_marches,Storming_of_the_Legislative_Council_Complex,0.166532633251775
430,Demosistō,List_of_October_2019_Hong_Kong_protests,0.16650860331941114
125,2019_Prince_Edward_station_attack,Hong_Kong_1_July_marches,0.16643814487220235
22,12_June_2019_Hong_Kong_protest,List_of_August_2019_Hong_Kong_protests,0.16463516412838247
511,Hong_Kong,Hong_Kong_Human_Rights_and_Democracy_Act,0.16438471042588454
553,Hong_Kong_Human_Rights_and_Democracy_Act,Lennon_Wall_(Hong_Kong),0.163858411929113
348,Civil_Human_Rights_Front,List_of_December_2019_Hong_Kong_protests,0.16354099141064518
491,HKmap.live,Hong_Kong_Way,0.16305054592668625
137,2019_Prince_Edward_station_attack,List_of_September_2019_Hong_Kong_protests,0.16215281410267116
685,List_of_November_2019_Hong_Kong_protests,Umbrella_Movement,0.1612767092421497
6,12_June_2019_Hong_Kong_protest,Carrie_Lam,0.16075675675299933
37,12_June_2019_Hong_Kong_protest,Umbrella_Movement,0.1595318110577949
400,Death_of_Chow_Tsz-lok,List_of_August_2019_Hong_Kong_protests,0.15917638332628387
75,2019_Hong_Kong_local_elections,2019_Prince_Edward_station_attack,0.15903070771948044
542,Hong_Kong_1_July_marches,List_of_September_2019_Hong_Kong_protests,0.15789517959657498
522,Hong_Kong,List_of_September_2019_Hong_Kong_protests,0.15624098481693938
383,Death_of_Chan_Yin-lam,"One_country,_two_systems",0.153611704381823
355,Civil_Human_Rights_Front,Murder_of_Poon_Hiu-wing,0.15350754971261718
415,Death_of_Chow_Tsz-lok,Umbrella_Movement,0.15297770225910365
528,Hong_Kong,Storming_of_the_Legislative_Council_Complex,0.1525421700047805
334,Chinese_University_of_Hong_Kong_conflict,Umbrella_Movement,0.1515903187937352
319,Chinese_University_of_Hong_Kong_conflict,List_of_August_2019_Hong_Kong_protests,0.15125971809919778
531,Hong_Kong_1_July_marches,Hong_Kong_Human_Rights_and_Democracy_Act,0.15003966117577702
138,2019_Prince_Edward_station_attack,Murder_of_Poon_Hiu-wing,0.14935578046808576
249,Carrie_Lam,Death_of_Chow_Tsz-lok,0.14920050840862717
246,Carrie_Lam,Chinese_University_of_Hong_Kong_conflict,0.1481204452272774
82,2019_Hong_Kong_local_elections,Civil_Human_Rights_Front,0.14781872578108027
494,HKmap.live,List_of_August_2019_Hong_Kong_protests,0.14757665772217973
697,List_of_protests_in_Hong_Kong,Murder_of_Poon_Hiu-wing,0.14677956060054945
131,2019_Prince_Edward_station_attack,List_of_December_2019_Hong_Kong_protests,0.14672365517461475
289,Causes_of_the_2019–20_Hong_Kong_protests,Lennon_Wall_(Hong_Kong),0.14545784207097087
733,Reactions_to_the_2019–20_Hong_Kong_protests,Tactics_and_methods_surrounding_the_2019–20_Hong_Kong_protests,0.14469585319552353
737,Siege_of_the_Hong_Kong_Polytechnic_University,Umbrella_Movement,0.1437686561017558
562,Hong_Kong_Human_Rights_and_Democracy_Act,Murder_of_Poon_Hiu-wing,0.14330910155952617
284,Causes_of_the_2019–20_Hong_Kong_protests,Hong_Kong,0.14319002880716042
364,Death_of_Chan_Yin-lam,Demosistō,0.14316495522245581
710,List_of_September_2019_Hong_Kong_protests,Storming_of_the_Legislative_Council_Complex,0.1395951692731953
640,List_of_December_2019_Hong_Kong_protests,List_of_protests_in_Hong_Kong,0.13889371116835678
272,Carrie_Lam,Siege_of_the_Hong_Kong_Polytechnic_University,0.13796310606431114
285,Causes_of_the_2019–20_Hong_Kong_protests,Hong_Kong_1_July_marches,0.13712048533634857
555,Hong_Kong_Human_Rights_and_Democracy_Act,List_of_December_2019_Hong_Kong_protests,0.13633270727797897
251,Carrie_Lam,Glory_to_Hong_Kong,0.13542526506328662
80,2019_Hong_Kong_local_elections,Causes_of_the_2019–20_Hong_Kong_protests,0.13531837204972277
93,2019_Hong_Kong_local_elections,Hong_Kong–Mainland_China_conflict,0.13407129091938
374,Death_of_Chan_Yin-lam,List_of_August_2019_Hong_Kong_protests,0.13228846928682622
297,Causes_of_the_2019–20_Hong_Kong_protests,List_of_September_2019_Hong_Kong_protests,0.1320302475357136
632,List_of_August_2019_Hong_Kong_protests,Siege_of_the_Hong_Kong_Polytechnic_University,0.13115486706457707
444,Glory_to_Hong_Kong,Hong_Kong_1_July_marches,0.13112080677867535
463,Glory_to_Hong_Kong,Tactics_and_methods_surrounding_the_2019–20_Hong_Kong_protests,0.1298102958672434
678,List_of_November_2019_Hong_Kong_protests,Murder_of_Poon_Hiu-wing,0.1279186748918405
655,List_of_July_2019_Hong_Kong_protests,Murder_of_Poon_Hiu-wing,0.1257912593318957
636,List_of_December_2019_Hong_Kong_protests,List_of_July_2019_Hong_Kong_protests,0.12558976190464322
638,List_of_December_2019_Hong_Kong_protests,List_of_November_2019_Hong_Kong_protests,0.1251620288555101
609,Lennon_Wall_(Hong_Kong),List_of_November_2019_Hong_Kong_protests,0.12057716788925507
389,Death_of_Chan_Yin-lam,Umbrella_Movement,0.11982202917550039
703,List_of_protests_in_Hong_Kong,Tactics_and_methods_surrounding_the_2019–20_Hong_Kong_protests,0.11981148817515877
104,2019_Hong_Kong_local_elections,"One_country,_two_systems",0.11874293275866282
509,HKmap.live,Umbrella_Movement,0.11788360718773387
576,Hong_Kong_Way,List_of_November_2019_Hong_Kong_protests,0.11775615027646806
539,Hong_Kong_1_July_marches,List_of_November_2019_Hong_Kong_protests,0.1172415527239419
248,Carrie_Lam,Death_of_Chan_Yin-lam,0.1169168029101308
86,2019_Hong_Kong_local_elections,Glory_to_Hong_Kong,0.11682904250348083
304,Causes_of_the_2019–20_Hong_Kong_protests,Tactics_and_methods_surrounding_the_2019–20_Hong_Kong_protests,0.11493954660092837
603,Hong_Kong–Mainland_China_conflict,Tactics_and_methods_surrounding_the_2019–20_Hong_Kong_protests,0.11121573783702857
318,Chinese_University_of_Hong_Kong_conflict,Lennon_Wall_(Hong_Kong),0.11113218395788652
27,12_June_2019_Hong_Kong_protest,List_of_October_2019_Hong_Kong_protests,0.1105562877292622
17,12_June_2019_Hong_Kong_protest,Hong_Kong_1_July_marches,0.10970429797848376
21,12_June_2019_Hong_Kong_protest,Lennon_Wall_(Hong_Kong),0.10871464714446442
89,2019_Hong_Kong_local_elections,Hong_Kong,0.10864043180372006
405,Death_of_Chow_Tsz-lok,List_of_October_2019_Hong_Kong_protests,0.10631737604187205
399,Death_of_Chow_Tsz-lok,Lennon_Wall_(Hong_Kong),0.10596582676646187
586,Hong_Kong_Way,Tactics_and_methods_surrounding_the_2019–20_Hong_Kong_protests,0.10552463456821473
395,Death_of_Chow_Tsz-lok,Hong_Kong_1_July_marches,0.10539785123209039
77,2019_Hong_Kong_local_elections,2019–20_Hong_Kong_protests,0.10499315432314775
324,Chinese_University_of_Hong_Kong_conflict,List_of_October_2019_Hong_Kong_protests,0.10471528982799802
443,Glory_to_Hong_Kong,Hong_Kong,0.10369710312346221
527,Hong_Kong,Siege_of_the_Hong_Kong_Polytechnic_University,0.10340889526605458
16,12_June_2019_Hong_Kong_protest,Hong_Kong,0.10336665230948845
314,Chinese_University_of_Hong_Kong_conflict,Hong_Kong_1_July_marches,0.10246157665801492
211,2019–20_Hong_Kong_protests,Tactics_and_methods_surrounding_the_2019–20_Hong_Kong_protests,0.10074858335066128
253,Carrie_Lam,HKmap.live,0.1000887281220653
677,List_of_November_2019_Hong_Kong_protests,List_of_September_2019_Hong_Kong_protests,0.09867944111388997
617,Lennon_Wall_(Hong_Kong),Siege_of_the_Hong_Kong_Polytechnic_University,0.09823265101626374
313,Chinese_University_of_Hong_Kong_conflict,Hong_Kong,0.09811970400802873
394,Death_of_Chow_Tsz-lok,Hong_Kong,0.09771192739956588
457,Glory_to_Hong_Kong,Murder_of_Poon_Hiu-wing,0.09534131155356326
547,Hong_Kong_1_July_marches,Siege_of_the_Hong_Kong_Polytechnic_University,0.09405732844207527
519,Hong_Kong,List_of_November_2019_Hong_Kong_protests,0.09401361267377817
450,Glory_to_Hong_Kong,List_of_December_2019_Hong_Kong_protests,0.09330418193816122
493,HKmap.live,Lennon_Wall_(Hong_Kong),0.09269660635216878
361,Civil_Human_Rights_Front,Tactics_and_methods_surrounding_the_2019–20_Hong_Kong_protests,0.09058755601102048
568,Hong_Kong_Human_Rights_and_Democracy_Act,Tactics_and_methods_surrounding_the_2019–20_Hong_Kong_protests,0.09047283496453698
369,Death_of_Chan_Yin-lam,Hong_Kong_1_July_marches,0.0891227308398896
418,Demosistō,HKmap.live,0.08909646093587394
692,List_of_October_2019_Hong_Kong_protests,Siege_of_the_Hong_Kong_Polytechnic_University,0.08886439487404464
19,12_June_2019_Hong_Kong_protest,Hong_Kong_Way,0.08852133178707611
110,2019_Hong_Kong_local_elections,Umbrella_Movement,0.08797864142279697
488,HKmap.live,Hong_Kong,0.08778037781388856
178,2019_Yuen_Long_attack,Tactics_and_methods_surrounding_the_2019–20_Hong_Kong_protests,0.08630970796745996
38,2019_Hong_Kong_extradition_bill,2019_Hong_Kong_local_elections,0.08499150408675263
684,List_of_November_2019_Hong_Kong_protests,Tactics_and_methods_surrounding_the_2019–20_Hong_Kong_protests,0.08464978703255724
379,Death_of_Chan_Yin-lam,List_of_October_2019_Hong_Kong_protests,0.08410899454427584
397,Death_of_Chow_Tsz-lok,Hong_Kong_Way,0.08407518838961234
489,HKmap.live,Hong_Kong_1_July_marches,0.08395674863837345
373,Death_of_Chan_Yin-lam,Lennon_Wall_(Hong_Kong),0.08392712810183356
29,12_June_2019_Hong_Kong_protest,List_of_September_2019_Hong_Kong_protests,0.08389613494828546
316,Chinese_University_of_Hong_Kong_conflict,Hong_Kong_Way,0.083760441014252
473,Government_of_Hong_Kong,List_of_December_2019_Hong_Kong_protests,0.08248946720654117
298,Causes_of_the_2019–20_Hong_Kong_protests,Murder_of_Poon_Hiu-wing,0.08214109318806188
326,Chinese_University_of_Hong_Kong_conflict,List_of_September_2019_Hong_Kong_protests,0.08190647515554779
597,Hong_Kong–Mainland_China_conflict,Murder_of_Poon_Hiu-wing,0.08165124285163106
480,Government_of_Hong_Kong,Murder_of_Poon_Hiu-wing,0.08106019073497757
291,Causes_of_the_2019–20_Hong_Kong_protests,List_of_December_2019_Hong_Kong_protests,0.08076455542601783
590,Hong_Kong–Mainland_China_conflict,List_of_December_2019_Hong_Kong_protests,0.07985483170396947
198,2019–20_Hong_Kong_protests,List_of_December_2019_Hong_Kong_protests,0.07966021402407367
205,2019–20_Hong_Kong_protests,Murder_of_Poon_Hiu-wing,0.07941145186557319
407,Death_of_Chow_Tsz-lok,List_of_September_2019_Hong_Kong_protests,0.0792954805661479
486,Government_of_Hong_Kong,Tactics_and_methods_surrounding_the_2019–20_Hong_Kong_protests,0.07713181388224177
508,HKmap.live,Tactics_and_methods_surrounding_the_2019–20_Hong_Kong_protests,0.07616125057668402
36,12_June_2019_Hong_Kong_protest,Tactics_and_methods_surrounding_the_2019–20_Hong_Kong_protests,0.07572323154001147
414,Death_of_Chow_Tsz-lok,Tactics_and_methods_surrounding_the_2019–20_Hong_Kong_protests,0.07459679660874953
634,List_of_August_2019_Hong_Kong_protests,Tactics_and_methods_surrounding_the_2019–20_Hong_Kong_protests,0.07411887615475371
501,HKmap.live,List_of_September_2019_Hong_Kong_protests,0.07383496839139539
584,Hong_Kong_Way,Siege_of_the_Hong_Kong_Polytechnic_University,0.07363312423781568
165,2019_Yuen_Long_attack,List_of_December_2019_Hong_Kong_protests,0.07340310322870641
172,2019_Yuen_Long_attack,Murder_of_Poon_Hiu-wing,0.07313697907647786
619,Lennon_Wall_(Hong_Kong),Tactics_and_methods_surrounding_the_2019–20_Hong_Kong_protests,0.07154790270596824
333,Chinese_University_of_Hong_Kong_conflict,Tactics_and_methods_surrounding_the_2019–20_Hong_Kong_protests,0.0711882798933758
90,2019_Hong_Kong_local_elections,Hong_Kong_1_July_marches,0.07044972129232759
371,Death_of_Chan_Yin-lam,Hong_Kong_Way,0.07024321575028246
73,2019_Hong_Kong_extradition_bill,Tactics_and_methods_surrounding_the_2019–20_Hong_Kong_protests,0.06984608294297756
381,Death_of_Chan_Yin-lam,List_of_September_2019_Hong_Kong_protests,0.06981363873267013
709,List_of_September_2019_Hong_Kong_protests,Siege_of_the_Hong_Kong_Polytechnic_University,0.06899274465318121
88,2019_Hong_Kong_local_elections,HKmap.live,0.06875833230279596
232,Art_of_the_2019–20_Hong_Kong_protests,List_of_March–June_2019_Hong_Kong_protests,0.06814230547163658
95,2019_Hong_Kong_local_elections,List_of_August_2019_Hong_Kong_protests,0.06463022543892033
736,Siege_of_the_Hong_Kong_Polytechnic_University,Tactics_and_methods_surrounding_the_2019–20_Hong_Kong_protests,0.06443717258819709
711,List_of_September_2019_Hong_Kong_protests,Tactics_and_methods_surrounding_the_2019–20_Hong_Kong_protests,0.06391990290301759
724,"One_country,_two_systems",Tactics_and_methods_surrounding_the_2019–20_Hong_Kong_protests,0.061351016600991085
240,Art_of_the_2019–20_Hong_Kong_protests,Reactions_to_the_2019–20_Hong_Kong_protests,0.060284409878155136
94,2019_Hong_Kong_local_elections,Lennon_Wall_(Hong_Kong),0.06002441722315818
628,List_of_August_2019_Hong_Kong_protests,Murder_of_Poon_Hiu-wing,0.05965678637479838
621,List_of_August_2019_Hong_Kong_protests,List_of_December_2019_Hong_Kong_protests,0.059075673426937675
368,Death_of_Chan_Yin-lam,Hong_Kong,0.05891252121785174
231,Art_of_the_2019–20_Hong_Kong_protests,List_of_July_2019_Hong_Kong_protests,0.058605800432679156
239,Art_of_the_2019–20_Hong_Kong_protests,Police_misconduct_allegations_during_the_2019–20_Hong_Kong_protests,0.05799450732679789
439,Demosistō,Tactics_and_methods_surrounding_the_2019–20_Hong_Kong_protests,0.05718280983468756
388,Death_of_Chan_Yin-lam,Tactics_and_methods_surrounding_the_2019–20_Hong_Kong_protests,0.054558227877287625
226,Art_of_the_2019–20_Hong_Kong_protests,Hong_Kong_Way,0.048243409082983975
229,Art_of_the_2019–20_Hong_Kong_protests,List_of_August_2019_Hong_Kong_protests,0.04813821318672263
713,Murder_of_Poon_Hiu-wing,"One_country,_two_systems",0.04717679272876304
100,2019_Hong_Kong_local_elections,List_of_October_2019_Hong_Kong_protests,0.0463013260156579
643,List_of_December_2019_Hong_Kong_protests,"One_country,_two_systems",0.046189602219553254
228,Art_of_the_2019–20_Hong_Kong_protests,Lennon_Wall_(Hong_Kong),0.045981180443614156
92,2019_Hong_Kong_local_elections,Hong_Kong_Way,0.04483411605749628
719,Murder_of_Poon_Hiu-wing,Umbrella_Movement,0.04397209022338191
67,2019_Hong_Kong_extradition_bill,Murder_of_Poon_Hiu-wing,0.043518383321330956
649,List_of_December_2019_Hong_Kong_protests,Umbrella_Movement,0.04283900423021696
60,2019_Hong_Kong_extradition_bill,List_of_December_2019_Hong_Kong_protests,0.04260223558547044
740,Tactics_and_methods_surrounding_the_2019–20_Hong_Kong_protests,Umbrella_Movement,0.04231235853066786
274,Carrie_Lam,Tactics_and_methods_surrounding_the_2019–20_Hong_Kong_protests,0.041144947919931764
536,Hong_Kong_1_July_marches,List_of_December_2019_Hong_Kong_protests,0.037737862943485745
543,Hong_Kong_1_July_marches,Murder_of_Poon_Hiu-wing,0.03772340624756285
102,2019_Hong_Kong_local_elections,List_of_September_2019_Hong_Kong_protests,0.0373428248805051
549,Hong_Kong_1_July_marches,Tactics_and_methods_surrounding_the_2019–20_Hong_Kong_protests,0.03719378371515359
103,2019_Hong_Kong_local_elections,Murder_of_Poon_Hiu-wing,0.0321675240927996
705,List_of_September_2019_Hong_Kong_protests,Murder_of_Poon_Hiu-wing,0.03200688329840075
641,List_of_December_2019_Hong_Kong_protests,List_of_September_2019_Hong_Kong_protests,0.031643941145329826
688,List_of_October_2019_Hong_Kong_protests,Murder_of_Poon_Hiu-wing,0.031078115034286237
96,2019_Hong_Kong_local_elections,List_of_December_2019_Hong_Kong_protests,0.030967876274327233
580,Hong_Kong_Way,Murder_of_Poon_Hiu-wing,0.03091057326818886
639,List_of_December_2019_Hong_Kong_protests,List_of_October_2019_Hong_Kong_protests,0.030433287375126846
573,Hong_Kong_Way,List_of_December_2019_Hong_Kong_protests,0.030271489081241477
235,Art_of_the_2019–20_Hong_Kong_protests,List_of_protests_in_Hong_Kong,0.02959151302761879
109,2019_Hong_Kong_local_elections,Tactics_and_methods_surrounding_the_2019–20_Hong_Kong_protests,0.029488688967630176
180,2019–20_Hong_Kong_protests,Art_of_the_2019–20_Hong_Kong_protests,0.02850652312257862
613,Lennon_Wall_(Hong_Kong),Murder_of_Poon_Hiu-wing,0.02638493479015295
606,Lennon_Wall_(Hong_Kong),List_of_December_2019_Hong_Kong_protests,0.025845320608752394
147,2019_Yuen_Long_attack,Art_of_the_2019–20_Hong_Kong_protests,0.025712195972268072
216,Art_of_the_2019–20_Hong_Kong_protests,Civil_Human_Rights_Front,0.02463162448580189
433,Demosistō,Murder_of_Poon_Hiu-wing,0.02089946338162921
529,Hong_Kong,Tactics_and_methods_surrounding_the_2019–20_Hong_Kong_protests,0.020381385540126105
426,Demosistō,List_of_December_2019_Hong_Kong_protests,0.019750135907295758
268,Carrie_Lam,Murder_of_Poon_Hiu-wing,0.01970776752557913
221,Art_of_the_2019–20_Hong_Kong_protests,Government_of_Hong_Kong,0.01950316325923222
261,Carrie_Lam,List_of_December_2019_Hong_Kong_protests,0.019353695476550112
244,Art_of_the_2019–20_Hong_Kong_protests,Umbrella_Movement,0.01890590231875842
718,Murder_of_Poon_Hiu-wing,Tactics_and_methods_surrounding_the_2019–20_Hong_Kong_protests,0.01825422205208231
648,List_of_December_2019_Hong_Kong_protests,Tactics_and_methods_surrounding_the_2019–20_Hong_Kong_protests,0.018090190301849798
219,Art_of_the_2019–20_Hong_Kong_protests,Demosistō,0.017129040629954368
227,Art_of_the_2019–20_Hong_Kong_protests,Hong_Kong–Mainland_China_conflict,0.016049166861877916
238,Art_of_the_2019–20_Hong_Kong_protests,"One_country,_two_systems",0.013859246812414875
224,Art_of_the_2019–20_Hong_Kong_protests,Hong_Kong_1_July_marches,0.01320709824913174
42,2019_Hong_Kong_extradition_bill,Art_of_the_2019–20_Hong_Kong_protests,0.011999007677021048
225,Art_of_the_2019–20_Hong_Kong_protests,Hong_Kong_Human_Rights_and_Democracy_Act,0.009875783565311054
213,Art_of_the_2019–20_Hong_Kong_protests,Carrie_Lam,0.008975483827499318
230,Art_of_the_2019–20_Hong_Kong_protests,List_of_December_2019_Hong_Kong_protests,0.005164501241559685
237,Art_of_the_2019–20_Hong_Kong_protests,Murder_of_Poon_Hiu-wing,0.004404746784746427
243,Art_of_the_2019–20_Hong_Kong_protests,Tactics_and_methods_surrounding_the_2019–20_Hong_Kong_protests,0.002804715326425641
214,Art_of_the_2019–20_Hong_Kong_protests,Causes_of_the_2019–20_Hong_Kong_protests,0.002535752511132022
217,Art_of_the_2019–20_Hong_Kong_protests,Death_of_Chan_Yin-lam,0.0022919768625898292
218,Art_of_the_2019–20_Hong_Kong_protests,Death_of_Chow_Tsz-lok,0.0003782886089802831
5,12_June_2019_Hong_Kong_protest,Art_of_the_2019–20_Hong_Kong_protests,-1.0739036259558688e-05
78,2019_Hong_Kong_local_elections,Art_of_the_2019–20_Hong_Kong_protests,-6.147889983659914e-05
241,Art_of_the_2019–20_Hong_Kong_protests,Siege_of_the_Hong_Kong_Polytechnic_University,-0.000765866932647744
215,Art_of_the_2019–20_Hong_Kong_protests,Chinese_University_of_Hong_Kong_conflict,-0.001020491107073057
222,Art_of_the_2019–20_Hong_Kong_protests,HKmap.live,-0.001218951214876691
113,2019_Prince_Edward_station_attack,Art_of_the_2019–20_Hong_Kong_protests,-0.0015847574587149467
242,Art_of_the_2019–20_Hong_Kong_protests,Storming_of_the_Legislative_Council_Complex,-0.0016799709641798128
233,Art_of_the_2019–20_Hong_Kong_protests,List_of_November_2019_Hong_Kong_protests,-0.0021808859851604185
234,Art_of_the_2019–20_Hong_Kong_protests,List_of_October_2019_Hong_Kong_protests,-0.002371226233357195
223,Art_of_the_2019–20_Hong_Kong_protests,Hong_Kong,-0.003732612477234803
523,Hong_Kong,Murder_of_Poon_Hiu-wing,-0.010124226744153097
516,Hong_Kong,List_of_December_2019_Hong_Kong_protests,-0.011219841218589356
